nr,nazwa,pp,numberOfSeeds,seeds,totalNumberOfSeeds,numberOfNodes,step,infectedPerStep,infectedTotal,infectedTotalPercentage,computionalTime
1,2,0.1,2,"[103, 9]",2,1899,1,59,47,2.474986835176409,0:00:00.258185
1,2,0.1,2,"[105, 400]",4,1899,2,145,148,7.793575566087414,0:00:00.221935
1,2,0.1,2,"[105, 400]",4,1899,3,466,477,25.118483412322274,0:00:00.221935
1,2,0.1,2,"[523, 36]",6,1899,4,426,766,40.33701948393891,0:00:00.039032
1,2,0.1,2,"[523, 36]",6,1899,5,134,860,45.286993154291736,0:00:00.039032
1,2,0.1,2,"[1183, 655]",8,1899,6,36,884,46.55081621906266,0:00:00.007383
1,2,0.1,2,"[1183, 655]",8,1899,7,10,891,46.91943127962085,0:00:00.007383
1,2,0.1,2,"[274, 1393]",10,1899,8,0,893,47.02474986835176,0:00:00.006135
